<theme>
<formatVersion>4</formatVersion>
<include>./../theme.xml</include>

<view name="basic, detailed, video, grid">
    <text name="nameLabel" extra="true">
    <text>Vectrex</text>
  </text>
</view>    

<view name="system">
<image name="logo" extra="true">
  <pos>0.115 0.13</pos>
<maxSize>0.55 0.55</maxSize>

      </image>
  <text name="shortdescription" extra="true">
   <text>1982  ·  8-bit Console</text>
  </text>
  <text name="longdescription" extra="true">
   <text>Vector display based home video game console that was developed by Western Technologies Smith Engineering</text>
  </text>
 </view>
</theme>
