<theme>
<formatVersion>4</formatVersion>
<include>./../theme.xml</include>

<view name="basic, detailed, video, grid">
    <text name="nameLabel" extra="true">
    <text>Nintendo DS</text>
  </text>
</view>    

<view name="system">
<image name="logo" extra="true">
 <pos>0.13 0.15</pos>
<maxSize>0.75 0.75</maxSize>

      </image> 
  <text name="shortdescription" extra="true">
   <text>2004  ·  32-bit Handheld Console</text>
  </text>
  <text name="longdescription" extra="true">
   <text>The Nintendo DS is a dual-screen handheld game console developed and released by Nintendo that featured two LCD screens working in tandem</text>
  </text>
 </view>
</theme>
