<theme>
<formatVersion>4</formatVersion>
<include>./../theme.xml</include>

<view name="basic, detailed, video, grid">
    <text name="nameLabel" extra="true">
    <text>Game & Watch</text>
  </text>
</view>    

<view name="system">
   <image name="logo" extra="true">
 <pos>0.13 0.15</pos>

      </image>    
  <text name="shortdescription" extra="true">
   <text>Handheld Electronic Games</text>
  </text>
  <text name="longdescription" extra="true">
   <text>Line of handheld electronic games produced by Nintendo from 1980 to 1991. Created by game designer Gunpei Yokoi</text>
  </text>
 </view>
</theme>
