<theme>
<formatVersion>4</formatVersion>
<include>./../theme.xml</include>

<view name="basic, detailed, video, grid">
    <text name="nameLabel" extra="true">
    <text>Adventure Genre</text>
  </text>
</view>    

<view name="system">
  
  <text name="shortdescription" extra="true">
   <text>Game Genre</text>
  </text>
  <text name="longdescription" extra="true">
   <text>In an adventure game the player follows an interactive story, driven by exploration and puzzle-solving</text>
  </text>
 </view>
</theme>
