<theme>
<formatVersion>4</formatVersion>
<include>./../theme.xml</include>

<view name="basic, detailed, video, grid">
    <text name="nameLabel" extra="true">
    <text>Options</text>
  </text>
</view>    

<view name="system">

  <text name="shortdescription" extra="true">
   <text>System Configuration</text>
  </text>
  <text name="longdescription" extra="true">
   <text>Configure System hardware, Bluetooth & Wi-Fi connections. Install updates, addons and visual themes</text>
  </text>
 </view>
</theme>
