<theme>
<formatVersion>4</formatVersion>
<include>./../theme.xml</include>

<view name="basic, detailed, video, grid">
  <text name="nameLabel" extra="true">
    <text>Sega Saturn</text>
  </text>
</view>    

<view name="system">
  
  <text name="shortdescription" extra="true">
   <text>1994  ·  32-bit Console</text>
  </text>
  <text name="longdescription" extra="true">
   <text>Fifth generation home video game console developed by Sega and successor to the successful Sega Genesis</text>
  </text>
 </view>
</theme>
