<theme>
<formatVersion>4</formatVersion>
<include>./../theme.xml</include>

<view name="basic, detailed, video, grid">
  <text name="nameLabel" extra="true">
    <text>GameBoy Color</text>
  </text>
</view>    

<view name="system">
  <image name="logo" extra="true">
 <pos>0.1 0.15</pos>
<maxSize>0.5 0.5</maxSize>

      </image> 
  <text name="shortdescription" extra="true">
   <text>1998  ·  8-bit Handheld Console</text>
  </text>
  <text name="longdescription" extra="true">
   <text>The Game Boy Color features a color screen. It is slightly thicker and taller and features a slightly smaller screen then the Game Boy Pocket</text>
  </text>
 </view>
</theme>
