<theme>
<formatVersion>4</formatVersion>
<include>./../theme.xml</include>

<view name="basic, detailed, video, grid">
  <text name="nameLabel" extra="true">
    <text>Wonderswan Color</text>
  </text>
</view>    

<view name="system">
  <image name="logo" extra="true">
 <pos>0.11 0.14</pos>
<maxSize>0.5 0.5</maxSize>

      </image>

  <text name="shortdescription" extra="true">
   <text>1999  ·  16-bit Handheld Console</text>
  </text>
  <text name="longdescription" extra="true">
   <text>Powered by a 16 bit central processing unit, it took advantage of a low price point and long battery life in comparison to its competition</text>
  </text>
 </view>
</theme>
