<theme>
<formatVersion>4</formatVersion>
<include>./../theme.xml</include>

<view name="basic, detailed, video, grid">
    <text name="nameLabel" extra="true">
    <text>Super Famicom</text>
  </text>
</view>    

<view name="system">
  
  <text name="shortdescription" extra="true">
   <text>1990  ·  16-bit Console</text>
  </text>
  <text name="longdescription" extra="true">
   <text>Nintendo's second home console introduced advanced graphics and sound capabilities compared with other systems at the time</text>
  </text>
 </view>
</theme>
