<theme>
<formatVersion>4</formatVersion>
<include>./../theme.xml</include>

<view name="basic, detailed, video, grid">
  <text name="nameLabel" extra="true">
    <text>Sony Playstation Portable</text>
  </text>
</view>    

<view name="system">
<image name="logo" extra="true">
 <pos>0.1 0.14</pos>
<maxSize>0.5 0.5</maxSize>

      </image>
  <text name="shortdescription" extra="true">
   <text>2004  ·  32-bit Handheld Console</text>
  </text>
  <text name="longdescription" extra="true">
   <text>Sony's first handheld, it was also the first real competition to Nintendo handhelds since the Game Gear</text>
  </text>
 </view>
</theme>
