<theme>
<formatVersion>4</formatVersion>
<include>./../theme.xml</include>

<view name="basic, detailed, video, grid">
  <text name="nameLabel" extra="true">
    <text>Sega Megadrive</text>
  </text>
</view>    

<view name="system">
  <image name="logo" extra="true">
 <pos>0.13 0.15</pos>


      </image>
  <text name="shortdescription" extra="true">
   <text>1988  ·  16-bit Console</text>
  </text>
  <text name="longdescription" extra="true">
   <text>Sega's third console and the successor to the Master System. First released as the Mega Drive in Japan</text>
  </text>
 </view>
</theme>
