<theme>
<formatVersion>4</formatVersion>
<include>./../theme.xml</include>

<view name="basic, detailed, video, grid">
  <text name="nameLabel" extra="true">
    <text>Famicom Disk System</text>
  </text>
</view>    

<view name="system">
  
  <text name="shortdescription" extra="true">
   <text>1986  ·  8-bit Console</text>
  </text>
  <text name="longdescription" extra="true">
   <text>The Family Computer (also known by the portmanteau abbreviation Famicom) was the Japanese version of the Nintendo Entertainment System</text>
  </text>
 </view>
</theme>
