<theme>
<formatVersion>4</formatVersion>
<include>./../theme.xml</include>

<view name="basic, detailed, video, grid">
  <text name="nameLabel" extra="true">
    <text>Nintendo GameBoy</text>
  </text>
</view>    


<view name="system">
<image name="logo" extra="true">
 <pos>0.12 0.15</pos>
<maxSize>0.7 0.7</maxSize>

      </image> 
  <text name="shortdescription" extra="true">
   <text>1989  ·  8-bit Handheld Console</text>
  </text>
  <text name="longdescription" extra="true">
   <text>Nintendo's second handheld system following the Game & Watch series. It mainly competed with Game Gear and Lynx</text>
  </text>
 </view>
</theme>
