<theme>
<formatVersion>4</formatVersion>
<include>./../theme.xml</include>

<view name="basic, detailed, video, grid">
  <text name="nameLabel" extra="true">
    <text>Sony Playstation</text>
  </text>
</view>    

<view name="system">
  <image name="logo" extra="true">
 <pos>0.125 0.14</pos>
<maxSize>0.75 0.75</maxSize>

      </image>
  <text name="shortdescription" extra="true">
   <text>1994  ·  32-bit Console</text>
  </text>
  <text name="longdescription" extra="true">
   <text>The Sony PlayStation primarily competed with the Nintendo 64 and the Sega Saturn as part of the fifth generation of video game consoles</text>
  </text>
 </view>
</theme>
