<theme>
<formatVersion>4</formatVersion>
<include>./../theme.xml</include>

<view name="basic, detailed, video, grid">
    <text name="nameLabel" extra="true">
    <text>Nintendo 3DS</text>
  </text>
</view>    

<view name="system">
   
  <text name="shortdescription" extra="true">
   <text>2010  ·  32-bit Console</text>
  </text>
  <text name="longdescription" extra="true">
   <text>The 3DS is a handheld console developed by Nintendo. Its particularity was the upper screen, able to show 3D images.</text>
  </text>
 </view>
</theme>
