<theme>
<formatVersion>4</formatVersion>
<include>./../theme.xml</include>

<view name="basic, detailed, video, grid">
  <text name="nameLabel" extra="true">
    <text>Neo Geo Pocket</text>
  </text>
</view>    

<view name="system">
 <image name="logo" extra="true">
 <pos>0.11 0.14</pos>
<maxSize>0.6 0.6</maxSize>

      </image>
  <text name="shortdescription" extra="true">
   <text>1998  ·  16-bit Handheld Console</text>
  </text>
  <text name="longdescription" extra="true">
   <text>Monochrome handheld game console released by SNK. It was the company's first handheld system and is part of the Neo Geo family</text>
  </text>
 </view>
</theme>
