<theme>
<formatVersion>4</formatVersion>
<include>./../theme.xml</include>

<view name="basic, detailed, video, grid">
  <text name="nameLabel" extra="true">
    <text>M.A.M.E.</text>
  </text>
</view>    

<view name="system">
  <image name="logo" extra="true">
 <pos>0.1 0.14</pos>
<maxSize>0.55 0.55</maxSize>

      </image>
  <text name="shortdescription" extra="true">
   <text>Coin Operated Cabinet</text>
  </text>
  <text name="longdescription" extra="true">
   <text>Coin-operated entertainment machines. The golden age is defined as a period between the late 1970s and ending in the mid-1980s</text>
  </text>
 </view>
</theme>
