<theme>
<formatVersion>4</formatVersion>
<include>./../theme.xml</include>

<view name="basic, detailed, video, grid">
    <text name="nameLabel" extra="true">
    <text>Neo Geo</text>
  </text>
</view>    

<view name="system">
  
  <text name="shortdescription" extra="true">
   <text>1990  ·  24-bit Console</text>
  </text>
  <text name="longdescription" extra="true">
   <text>Originally launched as the MVS coin-operated arcade machine. It was ranked 19th out of 25 best video game consoles of all time</text>
  </text>
 </view>
</theme>
