<theme>
<formatVersion>4</formatVersion>
<include>./../theme.xml</include>

<view name="basic, detailed, video, grid">
    <text name="nameLabel" extra="true">
    <text>Ports</text>
  </text>
</view>    

<view name="system">
<image name="logo" extra="true">
 <pos>0.11 0.14</pos>
<maxSize>0.55 0.55</maxSize>

      </image>
  <text name="shortdescription" extra="true">
   <text>Software</text>
  </text>
  <text name="longdescription" extra="true">
   <text>Multi-platform ports of software and game engines from PC to DOS </text>
  </text>
 </view>
</theme>
