<theme>
<formatVersion>4</formatVersion>
<include>./../theme.xml</include>

<view name="basic, detailed, video, grid">
    <text name="nameLabel" extra="true">
    <text>X68000</text>
  </text>
</view>    

<view name="system">
  
  <text name="shortdescription" extra="true">
   <text>1987  ·  24-bit Computer</text>
  </text>
  <text name="longdescription" extra="true">
   <text>The X68000 is a home computer, sold only in Japan. In terms of hardware, the X68K was very similar to arcade machines of the time</text>
  </text>
 </view>
</theme>
