<theme>
<formatVersion>4</formatVersion>
<include>./../theme.xml</include>

<view name="basic, detailed, video, grid">
    <text name="nameLabel" extra="true">
    <text>Atari 7800</text>
  </text>
</view>    

<view name="system">
  <image name="logo" extra="true">
 <pos>0.13 0.15</pos>

      </image>     
  <text name="shortdescription" extra="true">
   <text>1986  ·  8-bit Console</text>
  </text>
  <text name="longdescription" extra="true">
   <text>Almost fully backward-compatible with the Atari 2600, the 7800 was the first console to have backward compatibility without the use of additional modules</text>
  </text>
 </view>
</theme>
