<theme>
<formatVersion>4</formatVersion>
<include>./../theme.xml</include>

<view name="basic, detailed, video, grid">
  <text name="nameLabel" extra="true">
    <text>Nintendo Entertainment System</text>
  </text>
</view>    


  <view name="system">
<image name="logo" extra="true">
 <pos>0.1 0.14</pos>
<maxSize>0.5 0.5</maxSize>

      </image> 
  <text name="shortdescription" extra="true">
   <text>1983  ·  8-bit Console</text>
  </text>
  <text name="longdescription" extra="true">
   <text>The best selling gaming console of its time, the NES helped revitalize the US video game industry following the video game crash of 1983</text>
  </text>
 </view>
</theme>
