<theme>
<formatVersion>4</formatVersion>
<include>./../theme.xml</include>

<view name="basic, detailed, video, grid">
    <text name="nameLabel" extra="true">
    <text>Atari 5200</text>
  </text>
</view>    

<view name="system">
  <image name="logo" extra="true">
 <pos>0.11 0.15</pos>
<maxSize>0.6 0.6</maxSize>

      </image> 
  <text name="shortdescription" extra="true">
   <text>1982  ·  8-bit Console</text>
  </text>
  <text name="longdescription" extra="true">
   <text>Home video game console that was introduced as a higher-end complementary console for the popular Atari 2600</text>
  </text>
 </view>
</theme>
