<theme>
<formatVersion>4</formatVersion>
<include>./../theme.xml</include>

<view name="basic, detailed, video, grid">
  <text name="nameLabel" extra="true">
    <text>Sega Genesis</text>
  </text>
</view>    

<view name="system">
  
  <text name="shortdescription" extra="true">
   <text>1989  ·  16-bit Console</text>
  </text>
  <text name="longdescription" extra="true">
   <text>Sega's third console and the successor to the Master System. Released in North America as the Genesis</text>
  </text>
 </view>
</theme>
