<theme>
<formatVersion>4</formatVersion>
<include>./../theme.xml</include>

<view name="basic, detailed, video, grid">
  <text name="nameLabel" extra="true">
    <text>Sega Dreamcast</text>
  </text>
</view>    


<view name="system">
  <image name="logo" extra="true">
 <pos>0.13 0.15</pos>
      </image>
  <text name="shortdescription" extra="true">
   <text>1998  ·  128-bit Console</text>
  </text>
  <text name="longdescription" extra="true">
   <text>The Dreamcast was Sega's final home console, marking the end of the company's 18 years in the console market</text>
  </text>
 </view>
</theme>
