<theme>
<formatVersion>4</formatVersion>
<include>./../theme.xml</include>

<view name="basic, detailed, video, grid">
    <text name="nameLabel" extra="true">
    <text>Nintendo 64</text>
  </text>
</view>    

<view name="system">
<image name="logo" extra="true">
 <pos>0.13 0.14</pos>


      </image>
  <text name="shortdescription" extra="true">
   <text>1996  ·  64-bit Console</text>
  </text>
  <text name="longdescription" extra="true">
   <text>The N64 was the last major home console to use the cartridge as its primary storage format until Nintendo's seventh console, the Nintendo Switch</text>
  </text>
 </view>
</theme>
