<theme>
<formatVersion>4</formatVersion>
<include>./../theme.xml</include>

<view name="basic, detailed, video, grid">
  <text name="nameLabel" extra="true">
    <text>Sega GameGear</text>
  </text>
</view>    

<view name="system">
  <image name="logo" extra="true">
 <pos>0.13 0.15</pos>


      </image>
  <text name="shortdescription" extra="true">
   <text>1990  ·  8-bit Handheld Console</text>
  </text>
  <text name="longdescription" extra="true">
   <text>The Game Gear shares much of its hardware with the Master System and is able to play its own titles as well as those of the Master System</text>
  </text>
 </view>
</theme>
