<theme>
<formatVersion>4</formatVersion>
<include>./../theme.xml</include>

<view name="basic, detailed, video, grid">
    <text name="nameLabel" extra="true">
    <text>Racing Genre</text>
  </text>
</view>    

<view name="system">
  
  <text name="shortdescription" extra="true">
   <text>Game Genre</text>
  </text>
  <text name="longdescription" extra="true">
   <text>In racing games the player partakes in competitions with any type of land, water, air or space vehicles, either real or fictional</text>
  </text>
 </view>
</theme>
