<theme>
<formatVersion>4</formatVersion>
<include>./../theme.xml</include>

<view name="basic, detailed, video, grid">
  <text name="nameLabel" extra="true">
    <text>Neo Geo Pocket Color</text>
  </text>
</view>    

<view name="system">
  <image name="logo" extra="true">
 <pos>0.1 0.14</pos>
<maxSize>0.5 0.5</maxSize>

      </image>
  <text name="shortdescription" extra="true">
   <text>1999  ·  16-bit Handheld Console</text>
  </text>
  <text name="longdescription" extra="true">
   <text>The Neo Geo Pocket Color is the successor to SNK's monochrome Neo Geo Pocket, with the Color being fully backward compatible</text>
  </text>
 </view>
</theme>
