<theme>
<formatVersion>4</formatVersion>
<include>./../theme.xml</include>

<view name="basic, detailed, video, grid">
    <text name="nameLabel" extra="true">
    <text>PICO-8</text>
  </text>
</view>    

<view name="system">
  <image name="logo" extra="true">
 <pos>0.11 0.15</pos>
<maxSize>0.6 0.6</maxSize>

      </image>
  <text name="shortdescription" extra="true">
   <text>Virtual Console</text>
  </text>
  <text name="longdescription" extra="true">
   <text>PICO-8 is a virtual console to play and create 8-Bit old-age games.</text>
  </text>
 </view>
</theme>
