<theme>
<formatVersion>4</formatVersion>
<include>./../theme.xml</include>

<view name="basic, detailed, video, grid">
  <text name="nameLabel" extra="true">
    <text>CAPCOM SYSTEM II</text>
  </text>
</view>    


<view name="system">
  <image name="logo" extra="true">
 <pos>0.11 0.14</pos>
<maxSize>0.6 0.6</maxSize>

      </image>
  <text name="shortdescription" extra="true">
   <text>1993  ·  Arcade Board</text>
  </text>
  <text name="longdescription" extra="true">
   <text>Arcade board that Capcom first used for Super Street Fighter II. It was the successor to their previous CPS.</text>
  </text>
 </view>
</theme>
