<theme>
<formatVersion>4</formatVersion>
<include>./../theme.xml</include>

<view name="basic, detailed, video, grid">
  <text name="nameLabel" extra="true">
    <text>Super Nintendo</text>
  </text>
</view>    

<view name="system">
  <image name="logo" extra="true">
 <pos>0.115 0.14</pos>
<maxSize>0.6 0.6</maxSize>

      </image>
  <text name="shortdescription" extra="true">
   <text>1990  ·  16-bit Console</text>
  </text>
  <text name="longdescription" extra="true">
   <text>Nintendo's second home console introduced advanced graphics and sound capabilities compared with other systems at the time</text>
  </text>
 </view>
</theme>
