<theme>
<formatVersion>4</formatVersion>
<include>./../theme.xml</include>

<view name="basic, detailed, video, grid">
  <text name="nameLabel" extra="true">
    <text>Sega Genesis 32x</text>
  </text>
</view>    

<view name="system">
<image name="logo" extra="true">
 <pos>0.1 0.14</pos>
<maxSize>0.4 0.4</maxSize>

      </image>
  <text name="shortdescription" extra="true">
   <text>1994  ·  32-bit Console</text>
  </text>
  <text name="longdescription" extra="true">
   <text>Designed to expand the power of the Genesis and serve as a transitional console into the 32-bit era until the release of the Sega Saturn</text>
  </text>
 </view>
</theme>
