<theme>
<formatVersion>4</formatVersion>
<include>./../theme.xml</include>

<view name="basic, detailed, video, grid">
    <text name="nameLabel" extra="true">
    <text>Atari 2600</text>
  </text>
</view>    

<view name="system">
  <image name="logo" extra="true">
 <pos>0.11 0.15</pos>
<maxSize>0.6 0.6</maxSize>

      </image> 
  <text name="shortdescription" extra="true">
   <text>1977  ·  8-bit Console</text>
  </text>
  <text name="longdescription" extra="true">
   <text>The Atari 2600 is credited with popularizing the use of microprocessor-based hardware and ROM cartridges containing game code</text>
  </text>
 </view>
</theme>
