<theme>
<formatVersion>4</formatVersion>
<include>./../theme.xml</include>

<view name="basic, detailed, video, grid">
  <text name="nameLabel" extra="true">
    <text>CAPCOM SYSTEM III</text>
  </text>
</view>    


<view name="system">
  <image name="logo" extra="true">
 <pos>0.11 0.14</pos>
<maxSize>0.6 0.6</maxSize>

      </image>
  <text name="shortdescription" extra="true">
   <text>1996  ·  Arcade Board</text>
  </text>
  <text name="longdescription" extra="true">
   <text>The last proprietary system board Capcom would produce before moving on to the Dreamcast-based Naomi platform.</text>
  </text>
 </view>
</theme>
