<theme>
<formatVersion>4</formatVersion>
<include>./../theme.xml</include>

<view name="basic, detailed, video, grid">
    <text name="nameLabel" extra="true">
    <text>MS-DOS</text>
  </text>
</view>    

<view name="system">
   
  <text name="shortdescription" extra="true">
   <text>1981  ·  Desktop Computers</text>
  </text>
  <text name="longdescription" extra="true">
   <text>MS-DOS is an operating system for x86-based personal computers mostly developed by Microsoft</text>
  </text>
 </view>
</theme>
