<theme>
<formatVersion>4</formatVersion>
<include>./../theme.xml</include>

<view name="basic, detailed, video, grid">
    <text name="nameLabel" extra="true">
    <text>Favorites</text>
  </text>
</view>    

<view name="system">
<image name="logo" extra="true">
 <pos>0.13 0.15</pos>


      </image>
  <text name="shortdescription" extra="true">
   <text>All Consoles / Handhelds</text>
  </text>
  <text name="longdescription" extra="true">
   <text>Access and quickly play your favorite games across the entire library</text>
  </text>
 </view>
</theme>
