<theme>
<formatVersion>4</formatVersion>
<include>./../theme.xml</include>

<view name="basic, detailed, video, grid">
  <text name="nameLabel" extra="true">
    <text>Philips Videopac</text>
  </text>
</view>    

<view name="system">
 
  <text name="shortdescription" extra="true">
   <text>1978  ·  8-bit Console</text>
  </text>
  <text name="longdescription" extra="true">
   <text>The Philips Videopac is a second generation home video game console that was released in 1978.</text>
  </text>
 </view>
</theme>
