<theme>
<formatVersion>4</formatVersion>
<include>./../theme.xml</include>

<view name="basic, detailed, video, grid">
  <text name="nameLabel" extra="true">
    <text>Nintendo VirtualBoy</text>
  </text>
</view>    

<view name="system">
<image name="logo" extra="true">
 <pos>0.11 0.15</pos>
<maxSize>0.55 0.55</maxSize>

      </image> 
  <text name="shortdescription" extra="true">
   <text>1995  ·  32-bit Table-top Console</text>
  </text>
  <text name="longdescription" extra="true">
   <text>It was marketed as the first console capable of displaying stereoscopic 3D graphics using a parallax effect to create the illusion of depth</text>
  </text>
 </view>
</theme>
