<theme>
<formatVersion>4</formatVersion>
<include>./../theme.xml</include>

<view name="basic, detailed, video, grid">
    <text name="nameLabel" extra="true">
    <text>NEC PC-98</text>
  </text>
</view>    

<view name="system">
  
  <text name="shortdescription" extra="true">
   <text>1982  ·  32-bit Computer</text>
  </text>
  <text name="longdescription" extra="true">
   <text>Lineup of Japanese 16-bit and 32-bit personal computers manufactured by NEC from 1982 to 2000</text>
  </text>
 </view>
</theme>
