<theme>
<formatVersion>4</formatVersion>
<include>./../theme.xml</include>

<view name="basic, detailed, video, grid">
  <text name="nameLabel" extra="true">
    <text>Sega Genesis CD</text>
  </text>
</view>    

<view name="system">
<image name="logo" extra="true">
 <pos>0.13 0.14</pos>


      </image>
  <text name="shortdescription" extra="true">
   <text>1991  ·  16-bit Console</text>
  </text>
  <text name="longdescription" extra="true">
   <text>CD-ROM add-on to the Genesis, it launched many FMV games, including the infamous Night Trap, which led to the creation of the ESRB</text>
  </text>
 </view>
</theme>
