<theme>
<formatVersion>4</formatVersion>
<include>./../theme.xml</include>

<view name="basic, detailed, video, grid">
  <text name="nameLabel" extra="true">
    <text>COCO TRS-80</text>
  </text>
</view>    

<view name="system">
  
  <text name="shortdescription" extra="true">
   <text>1977  ·  8-bit Computer</text>
  </text>
  <text name="longdescription" extra="true">
   <text>Sold by Tandy through their RadioShack stores. It is one of the earliest mass-produced home computer.</text>
  </text>
 </view>
</theme>
