<theme>
<formatVersion>4</formatVersion>
<include>./../theme.xml</include>

<view name="basic, detailed, video, grid">
    <text name="nameLabel" extra="true">
    <text>MSX</text>
  </text>
</view>    

<view name="system">
 <image name="logo" extra="true">
  <pos>0.09 0.15</pos>
<maxSize>0.4 0.4</maxSize>

      </image>
  <text name="shortdescription" extra="true">
   <text>1983  ·  8-bit Computer</text>
  </text>
  <text name="longdescription" extra="true">
   <text>MSX is a standardized home computer architecture, conceived as an attempt to create unified standards among various hardware makers</text>
  </text>
 </view>
</theme>
